ID,Name,PictureUrl
bccabfe8-df4d-4dfe-ab9c-79af0b4c949f,T Models - Custom Designed Decoration,https://saaquadecortst.blob.core.windows.net/aquadecorblob/11621963-d6be-4911-b45d-2314fa7ce3b8.png?sv=2021-12-02&se=2034-05-14T08%3A32%3A45Z&sr=b&sp=r&sig=oPh2icC2A9rX1k3jOB2v2Lzg52i9gyMa%2BOe32NA7PAM%3D
7ba46e2c-85cc-4eb4-ae60-4f6c5c08649a,R Models - Tree Trunks,https://saaquadecortst.blob.core.windows.net/aquadecorblob/bd4cbb26-8a58-4e3f-97f2-bc478a154698.png?sv=2021-12-02&se=2034-05-13T08%3A13%3A24Z&sr=b&sp=r&sig=cBu408RRmSqKkiS07muhs1oxLC%2BUkZWhamzX4wrRv%2Bs%3D
b6348779-1b21-4db1-bfb7-22a747fa3247,C Models - Massive Rocky Backgrounds,https://saaquadecortst.blob.core.windows.net/aquadecorblob/7314756a-f2f7-4fd6-b1ae-fd198dfcb192.png?sv=2021-12-02&se=2034-06-01T16%3A04%3A10Z&sr=b&sp=r&sig=x0TLE6Rehmiud6Xh4pZa%2FtEp51EvtmMcWR7xR%2B0L9QQ%3D
93d40e5f-4c55-4918-a0d6-8f09eeeeaf98,J Models - Protective Rubber Mats for Cichlid Aquariums,https://saaquadecortst.blob.core.windows.net/aquadecorblob/c065d13d-46e0-4b48-829a-3d3ad25b4174.png?sv=2021-12-02&se=2034-05-13T08%3A36%3A57Z&sr=b&sp=r&sig=wwDXo27KmdIJehFSZLS3oTqNIccZ0Xp0c4QbUloDTDE%3D
767a0940-5678-428a-b1a4-103669f2827b,Test cat,https://saaquadecortst.blob.core.windows.net/aquadecorblob/64c19e44-d71c-4f47-b3b1-e8f0119de26c.webp?sv=2021-12-02&se=2034-08-19T16%3A20%3A04Z&sr=b&sp=r&sig=Qbji5XDmvyqSRTa1H5Q%2FGPtfL4%2Fh5Z3ggKwKQ7OwQH0%3D
623cb488-38d0-462f-a60c-b0c95a24c339,Branded products,https://saaquadecortst.blob.core.windows.net/aquadecorblob/fcf6192e-a4b9-40aa-94be-948b52cfe4a6.png?sv=2021-12-02&se=2034-05-27T12%3A00%3A06Z&sr=b&sp=r&sig=JryEKfC4ohpSAFTMWukBFb0pt4tPleNoc%2Fc8WYaJgUw%3D
4c469f42-b84a-4234-b6f2-2f4118b54e49,B Models - Amazonian Tree Trunks,https://saaquadecortst.blob.core.windows.net/aquadecorblob/1225b419-5f5d-40cd-8426-a5dae312bfc3.png?sv=2021-12-02&se=2034-05-14T08%3A45%3A18Z&sr=b&sp=r&sig=mibD%2FS9VhCsVSpOv6QnGrwqNcSEEFxya%2FgA5KlGtUiw%3D
3f3b756e-85c6-40cd-809f-ddd4228f9ce5,TEST PODLOSKA,https://saaquadecortst.blob.core.windows.net/aquadecorblob/d32b7b81-2526-4406-836f-686398077a3f.png?sv=2021-12-02&se=2034-09-17T14%3A07%3A02Z&sr=b&sp=r&sig=ch0tq4x3fMONxIhJgmRGbxJZJzU4FhknIHdfjrgqrcQ%3D
99ab486c-17b9-4923-b912-4fb42650725f,TEST PODLOSKA,https://saaquadecortst.blob.core.windows.net/aquadecorblob/e11762d0-cdc6-4e9c-979f-f06a31835e66.png?sv=2021-12-02&se=2034-09-17T14%3A06%3A59Z&sr=b&sp=r&sig=TJLoCYVrFxBs%2FJuvJJOsOwwYAeHlDVFJBzbThi1iRsM%3D
b33a4d50-36d7-4313-8149-bcc757031130,Aquadecor Zippo Lighter,https://saaquadecortst.blob.core.windows.net/aquadecorblob/a9a8326b-4730-4a03-bead-9eea786401d2.png?sv=2021-12-02&se=2034-07-24T11%3A09%3A17Z&sr=b&sp=r&sig=KxHnkNQqs81TwBcdV4DXBVqtGYrpt4S7LCGmQI%2BVa1A%3D
17274b2b-167e-427b-806d-cfd8560ecc40,V Models - Centerpiece Decoration,https://saaquadecortst.blob.core.windows.net/aquadecorblob/f83d7711-6ff0-44ad-8564-697ba03edeaf.png?sv=2021-12-02&se=2034-05-15T11%3A25%3A34Z&sr=b&sp=r&sig=iDKBe8hSWZse5cV3%2BQcyBIdgriTA2NA9G7EfaUNlWnA%3D
158246eb-bea7-4af0-8807-029e3bf19990,T-Shirts,https://saaquadecortst.blob.core.windows.net/aquadecorblob/4210f822-5140-4e36-9d2f-5777fd00baaf.png?sv=2021-12-02&se=2034-05-21T11%3A17%3A35Z&sr=b&sp=r&sig=EyE7xvXmCFoxMj6n53UEoKdrOElE848jM92NIjNyLLw%3D
d9cad7d5-9d07-4a7e-be6b-f93409866bd1,Hats,https://saaquadecortst.blob.core.windows.net/aquadecorblob/fcd4e14f-d018-4de4-8188-a6a64383e66f.png?sv=2021-12-02&se=2034-06-17T10%3A05%3A14Z&sr=b&sp=r&sig=yVSpzzwDJpqfM4gUblsJ%2Fisjv%2FP9%2BiNS%2BV8S1OVQLhg%3D
979c7cbc-cbcf-4ed9-a1c0-1aeb1d3e039c,V Models - Centerpiece Decorations,https://saaquadecortst.blob.core.windows.net/aquadecorblob/89ea40e9-13c9-478c-a704-32006a088b29.png?sv=2021-12-02&se=2034-05-20T08%3A51%3A35Z&sr=b&sp=r&sig=0oOnrgjOwTmuKrRMcqQlMUC1bhFVq5%2FRnhft9W72gH4%3D
afaacbf7-6e0e-443f-bfaf-8e40ddbc33a7,V Models - Centerpiece Decorations,https://saaquadecortst.blob.core.windows.net/aquadecorblob/83dc9a2b-fa8a-4457-b832-f29add758478.png?sv=2021-12-02&se=2034-05-22T16%3A30%3A30Z&sr=b&sp=r&sig=xRW3TjArN6iCKFJ7G7nWuYS9jwN0aa6QFDHMwQqDRxA%3D
032abf3b-78ad-4052-8389-d03b587609a0,Shirts,https://saaquadecortst.blob.core.windows.net/aquadecorblob/bc00167e-1814-4b8f-a606-34949011331c.png?sv=2021-12-02&se=2034-06-05T09%3A56%3A39Z&sr=b&sp=r&sig=WwlUGhZrsoYoDLODDPaIUsgLP1GDIpFUTHHPjXEh%2FxE%3D
a3beca06-b169-445e-8124-753c95e90187,V Models - Centerpiece Decorations,https://saaquadecortst.blob.core.windows.net/aquadecorblob/bbb82726-d33a-4cf9-a13d-ff2155eabba7.png?sv=2021-12-02&se=2034-05-15T12%3A00%3A55Z&sr=b&sp=r&sig=JK4xwuJqPFQUDwn5da2b2z4ZnVFpkeYTXhJhVXzG7j4%3D
48e1b51a-1f0f-444c-b336-1562b2cadaf9,T-Shirts,https://saaquadecortst.blob.core.windows.net/aquadecorblob/54a614fe-25aa-4666-9ff7-8403fe06a3e8.png?sv=2021-12-02&se=2034-06-04T17%3A57%3A20Z&sr=b&sp=r&sig=kANPagywkEjpjlkAk7AMQ3mmvk8AtMJzi8hYJbGl0No%3D
b3f815a1-9a21-4bfe-bd31-84bd0d6cd1f4,"D Models - Logs, Leaves, Driftwood, Rocks and Roots",https://saaquadecortst.blob.core.windows.net/aquadecorblob/befed84e-f256-47a2-98a7-6e2f403b0785.png?sv=2021-12-02&se=2034-05-13T09%3A07%3A45Z&sr=b&sp=r&sig=IVXJVbCtsED2do75EhpeCHkwczvTAtW%2FbBoR03Nb2DM%3D
4d854d93-e87b-4d6b-ac65-12d50dd1d272,VMODELS,https://saaquadecortst.blob.core.windows.net/aquadecorblob/0b647a1b-c99c-4cfb-afa4-c54d9309c557.png?sv=2021-12-02&se=2034-05-22T17%3A21%3A21Z&sr=b&sp=r&sig=o9jQecPOhxLCc0eRGBrdvHptabF6qtym8zvBwEcEniQ%3D
82345918-6423-439d-b3b1-0b786776cc94,T-Shirts,https://saaquadecortst.blob.core.windows.net/aquadecorblob/a7816194-55d8-4d15-b300-c81adee27b2d.png?sv=2021-12-02&se=2034-05-21T11%3A51%3A13Z&sr=b&sp=r&sig=qzZRBd%2F1aDf2StIZUPa%2B1%2BpWBaTxg7XJzff9HU471Rw%3D
1f78bf95-4a30-40a7-8813-4e458b785fa2,V Models - Centerpiece Decorations,https://saaquadecortst.blob.core.windows.net/aquadecorblob/bf38e341-54a9-4001-818a-4818f5c973b2.png?sv=2021-12-02&se=2034-06-05T10%3A53%3A13Z&sr=b&sp=r&sig=3WIPte6VrNOfaR6DKmX1BjOQz4pQ845UXWx0IgPI8qY%3D
91231747-628d-42d4-a79e-fdc22e35be46,V Models - Centerpiece Decorations,https://saaquadecortst.blob.core.windows.net/aquadecorblob/010e2f89-3ad7-47b5-8482-70ee3e3e4d04.png?sv=2021-12-02&se=2034-05-16T09%3A44%3A21Z&sr=b&sp=r&sig=qQ5cDhukwHvZ%2B%2BJEc8H8Q1weE3Pge3uBrpjHvu2VHes%3D
b4cb3093-830d-4357-8968-c46c155477bb,V Models - Centerpiece Decorations,https://saaquadecortst.blob.core.windows.net/aquadecorblob/68344fbc-ba4c-43b1-a6c5-8dd37281f2e1.png?sv=2021-12-02&se=2034-05-22T07%3A25%3A15Z&sr=b&sp=r&sig=4NZAHKziZdiv1p%2B75WFerAkKp8J99QhMIhA0fA0TPyk%3D
7a60f04d-2bf9-4796-8bc9-6541986f6b1b,V Models - Centerpiece Decorations,https://saaquadecortst.blob.core.windows.net/aquadecorblob/96b1f967-b0df-4dcb-8e07-cfa680061c73.png?sv=2021-12-02&se=2034-05-22T07%3A28%3A50Z&sr=b&sp=r&sig=3LZnNENUw4vCOba5wHOD8N0EOnqyqioNyDGa334qmOI%3D
5a5ee4d0-539f-4eef-8163-72b5fa6a6ae0,T-Shirts,https://saaquadecortst.blob.core.windows.net/aquadecorblob/f609a55e-f252-4009-ab2c-99160d67978b.png?sv=2021-12-02&se=2034-06-04T18%3A06%3A26Z&sr=b&sp=r&sig=YwytHu6osSHcu2S5xfQFAHlbDcN6JtVpT4zEVZmgdoA%3D
4f11bec8-0802-45d4-9d09-48780e8ab444,Coffee Mugs,https://saaquadecortst.blob.core.windows.net/aquadecorblob/faa08492-88a6-4a51-8d5d-721935ba0d83.png?sv=2021-12-02&se=2034-06-17T10%3A36%3A45Z&sr=b&sp=r&sig=wWhblER55lMAVz4Y3zou2F0WLsb62U1b4f9ShGzTfZ0%3D
6cc50b21-a662-4f89-b9bf-e90a5ac8719d,Test Cat,https://saaquadecortst.blob.core.windows.net/aquadecorblob/b285562e-f397-44ea-9ac6-104d167934e3.png?sv=2021-12-02&se=2034-08-05T10%3A43%3A12Z&sr=b&sp=r&sig=CzmKNxcFrmDoRrPhDQLFaA9x1ttZFi1Nkc6LnFTe4bc%3D
0320c5a4-33f9-412d-8bb9-992b62480d47,Test Cat,https://saaquadecortst.blob.core.windows.net/aquadecorblob/9d3dad9e-c69f-4ec3-b44c-ad5936357c4f.png?sv=2021-12-02&se=2034-08-05T10%3A46%3A38Z&sr=b&sp=r&sig=CY1c9rPaqCemf4AlW7lyTgmdnbOK0xGwy7klJHAh%2B0M%3D
857e1a2f-a670-42e4-b686-1deb097b51f5,NOVA KATEGORIJA,https://saaquadecortst.blob.core.windows.net/aquadecorblob/15316464-2360-4094-93d4-0a7b6287500a.png?sv=2021-12-02&se=2034-07-26T09%3A57%3A09Z&sr=b&sp=r&sig=7JHWdnyN4nlNxt0kASQbOtzGTuQc9%2F6U2kcZBSFDANE%3D
3c0a8cb7-dcdf-4911-a684-9d526626735a,V Models - Centerpiece Decorations,https://saaquadecortst.blob.core.windows.net/aquadecorblob/63c73c10-b558-4f29-9b8e-e0e70bb5cbca.png?sv=2021-12-02&se=2034-05-16T09%3A49%3A42Z&sr=b&sp=r&sig=cT5BGrOSGNhrxlIbfxXHookeniv4EyuNy%2BDUZggbTJY%3D
9f8ef002-593c-4be2-ac17-3aa769c9eece,V Models - Centerpiece Decorations,https://saaquadecortst.blob.core.windows.net/aquadecorblob/45c00c87-0ad6-4c26-981a-b06385c9b9f6.png?sv=2021-12-02&se=2034-05-23T06%3A41%3A17Z&sr=b&sp=r&sig=yK5Z5aoRhyojgXOr8%2BAH7eQrrZY%2B%2FRy7%2F0mTfp5gxPc%3D
597ac979-638a-4ea6-94ad-848660cdcfd7,T Shirts,https://saaquadecortst.blob.core.windows.net/aquadecorblob/f2eb4c8f-1a99-4e1b-ade0-f632fff8ca70.png?sv=2021-12-02&se=2034-06-04T18%3A09%3A35Z&sr=b&sp=r&sig=xKBYQ9CrEr7c6h81%2BUEbQO%2FBPuDv0oO9Iyq0SYTmn1M%3D
d50548dd-b0ef-4d12-a690-19cabdb806a7,V Models - Centerpiece Decorations,https://saaquadecortst.blob.core.windows.net/aquadecorblob/3eb718e1-f3b1-409e-99b4-8cf92f6d1300.png?sv=2021-12-02&se=2034-05-22T07%3A33%3A40Z&sr=b&sp=r&sig=bzVcch2e5Du1rLGovPZARlDUMzm%2F1qYJUR3j8%2FlOF%2Bo%3D
68228681-3242-4ddd-a5bc-56cd6e1ab027,F TEST,https://saaquadecortst.blob.core.windows.net/aquadecorblob/dbc094d8-6481-460b-b16a-ad0418148dc4.png?sv=2021-12-02&se=2034-08-27T11%3A23%3A09Z&sr=b&sp=r&sig=jtXfOUkYgrcvCDeB2COKxG%2BXwC59fwKYQgfcqzR0a7A%3D
426f3ced-ed57-43ef-bffd-16f91d43b2f4,T-Shirts,https://saaquadecortst.blob.core.windows.net/aquadecorblob/20ca9d64-06a8-433f-806c-5b2556dd9b09.webp?sv=2021-12-02&se=2034-06-05T07%3A57%3A09Z&sr=b&sp=r&sig=euuvyDky8j1Kc6uInVOqZ5Soqx3U0pxVii9aCCUN2fI%3D
5b920044-38b0-4593-b32b-308cccf4f8cc,T-Shirts,https://saaquadecortst.blob.core.windows.net/aquadecorblob/5492f75a-3922-40ec-8658-00b2e58bd14d.png?sv=2021-12-02&se=2034-06-17T09%3A47%3A59Z&sr=b&sp=r&sig=hPSjs%2F7tUKeWkH4wabSyno6L0ZQ1n8UPl9K8p7IWYx0%3D
458e3e19-1b69-493f-a242-955ffa1be785,3D Backgrounds,https://saaquadecortst.blob.core.windows.net/aquadecorblob/0fe5666f-c072-4b06-a9a7-9c338ca8ba99.png?sv=2021-12-02&se=2034-05-09T13%3A33%3A34Z&sr=b&sp=r&sig=MzirRPsj8oogdkenF6NR0qimnf0lRALdCOAL8N1ePVw%3D
04e849dc-54aa-4a1f-80dc-0009634b2393,J Models TEST,https://saaquadecortst.blob.core.windows.net/aquadecorblob/9cf05fd8-278d-4b05-afad-08544c61e11d.png?sv=2021-12-02&se=2034-09-19T12%3A12%3A19Z&sr=b&sp=r&sig=jyJfJiTZAo5DZ7bnEYCiTPbR3LWFAoQM5M2zr1SqKyg%3D
cc33557a-0e16-4501-a32d-051890aeb18b,Test category DELETE,https://saaquadecortst.blob.core.windows.net/aquadecorblob/40e4d8a4-e9ed-48ed-9c1f-ccf7dc76339f.webp?sv=2021-12-02&se=2034-05-16T16%3A56%3A03Z&sr=b&sp=r&sig=EKhwb3%2FvTyWSAITyQKei%2FvBrGy%2BJ1p0okI6xj8TnOaw%3D
629488e6-4d28-4630-9905-711ef152af1e,V Models - Centerpiece Decorations,https://saaquadecortst.blob.core.windows.net/aquadecorblob/6022b3e7-d2df-4dfb-9611-fdbabe79e641.png?sv=2021-12-02&se=2034-05-22T07%3A49%3A04Z&sr=b&sp=r&sig=Mry1jWfCf0%2FWH9Qp0akO06EeM9y7w9VPY6fZyDCZ3Ys%3D
06c2285d-fb12-452c-b3dc-665bf2eeb2c9,V Models - Centerpiece,https://saaquadecortst.blob.core.windows.net/aquadecorblob/3b219967-3ed3-4f1b-9b3b-f10fbac30327.png?sv=2021-12-02&se=2034-05-23T06%3A46%3A27Z&sr=b&sp=r&sig=MhKmKmrkyZDdCjIQua704eSQXlntO9kWJ5xJrKOEPno%3D
951f18b2-51e5-46ee-8350-cd23a36964a3,Aquadecor Polo T-Shirts,https://saaquadecortst.blob.core.windows.net/aquadecorblob/a5615edb-04de-4713-be27-6c6f9653fb40.png?sv=2021-12-02&se=2034-07-24T11%3A02%3A30Z&sr=b&sp=r&sig=BJnR23Y77B8DvAWPPS%2Fw5xQekxEnmhq%2FHC8trxnMLh4%3D
a14bccb4-c201-44b9-9d9f-d8f0ac4ba400,Some test category - DEL,https://saaquadecortst.blob.core.windows.net/aquadecorblob/203320bb-ad08-4134-8995-0be0316f59d7.webp?sv=2021-12-02&se=2034-05-16T17%3A00%3A57Z&sr=b&sp=r&sig=Q6VnT9V3j5YIUxyW4mduHSKGmHx2T4R5DsuqQyJAq8s%3D
f797f8d6-0e4c-4eb0-b807-008001269ef0,V Models - Centerpiece Decorations,https://saaquadecortst.blob.core.windows.net/aquadecorblob/3fb35484-4689-4f3d-8667-83f61617e2d9.png?sv=2021-12-02&se=2034-05-22T07%3A52%3A06Z&sr=b&sp=r&sig=3PHCdJAiyr8KxvwR5u63mjMfNSq5%2FDfosK0PFb59IY8%3D
22453495-2321-42fd-9826-e0f1877efa74,V Models - Centerpiece,https://saaquadecortst.blob.core.windows.net/aquadecorblob/4e7da5d2-30e7-406e-b01d-86870b315a58.png?sv=2021-12-02&se=2034-05-23T06%3A46%3A48Z&sr=b&sp=r&sig=tVU637MPfcbhVYqk8vFwyYYy7foSmOm0uwfg9T9e2n4%3D
e1424646-ee75-4651-9292-957286f2ae4c,T-Shirts,https://saaquadecortst.blob.core.windows.net/aquadecorblob/833175c8-869b-4bd6-bbbe-186b8030f385.png?sv=2021-12-02&se=2034-06-05T08%3A08%3A01Z&sr=b&sp=r&sig=PZNNPU4XEm7wEZYvIrpjg0NHqAPXavsXumAJpbalCCg%3D
4c4bdfb9-989f-4760-a77e-ec847ccfed78,Branded Content,https://saaquadecortst.blob.core.windows.net/aquadecorblob/54a61d02-bc28-48e6-99d7-179bb0022f6e.png?sv=2021-12-02&se=2034-06-17T09%3A58%3A36Z&sr=b&sp=r&sig=BuagYS3JkXkVS8Ff%2B1tGZ%2FnMJN9mELAXV63It2sDRfQ%3D
23540237-ebc3-4615-8728-aa760eaa15cb,Name,https://saaquadecortst.blob.core.windows.net/aquadecorblob/e035b3f1-8766-48c1-b780-5fe24ec1f661.webp?sv=2021-12-02&se=2034-08-05T13%3A53%3A38Z&sr=b&sp=r&sig=HLQrktZbl%2BVNyjhGC%2B35OH1qVBjXsj8vUzms67rfkeU%3D
ef1b15b4-c5f3-4921-a6b4-8f5f2c6146c1,Aquadecor Sun Hats,https://saaquadecortst.blob.core.windows.net/aquadecorblob/56d5ff83-152d-4892-8c57-a373ac7f10b8.png?sv=2021-12-02&se=2034-07-24T11%3A04%3A39Z&sr=b&sp=r&sig=bEFlfBg8%2FrkqkQVONfSvZMryDrdAVyWnEqRrkqtOHmA%3D
7d2402b2-d31e-4a9f-92d8-d1fd04c3d9d6,V Models - Centerpiece Aquarium Decorations,https://saaquadecortst.blob.core.windows.net/aquadecorblob/ea9d5df3-7f9b-45c7-aaec-be384b491bfc.png?sv=2021-12-02&se=2034-05-22T08%3A42%3A12Z&sr=b&sp=r&sig=Yz3kEgGYC3TvNlzqzeDkaT59purXH7eWtERznubC6OE%3D
df2a784e-48d3-4012-a064-fda814d776bd,V Models - Centerpiece Aquarium decorations,https://saaquadecortst.blob.core.windows.net/aquadecorblob/3d24ba5b-47db-46d3-a738-e360c0b2db77.png?sv=2021-12-02&se=2034-05-30T06%3A14%3A54Z&sr=b&sp=r&sig=ZT8iIJCQ0Cv7nvitIam4dwWsTxDIKMgxP4j7x9aKAd0%3D
b571fa3d-7160-40e6-b135-e8514fa20a92,T-Shirts,https://saaquadecortst.blob.core.windows.net/aquadecorblob/b9072393-50f1-4d75-8686-cd99ab6ac474.png?sv=2021-12-02&se=2034-06-05T08%3A08%3A27Z&sr=b&sp=r&sig=ugSqwKOe5%2FDir3GLt7m4vXkSOgmAD4bwdz9vAvzAvvY%3D
60de8c98-107f-4680-a004-d2a90b282499,T-Shirts,https://saaquadecortst.blob.core.windows.net/aquadecorblob/0078e050-a4db-4625-b5d5-9860ee20f908.png?sv=2021-12-02&se=2034-06-17T10%3A39%3A11Z&sr=b&sp=r&sig=7ldy4o%2B%2F%2BXVatCcXY805UTCbLvhzr6jZ4vcahhcM0q0%3D
46824525-28f7-4d5c-bdf6-e177bef776ef,Additional items,https://saaquadecortst.blob.core.windows.net/aquadecorblob/bb56a9c5-9a1e-4adc-bb02-98f681d952b5.png?sv=2021-12-02&se=2034-05-13T08%3A22%3A56Z&sr=b&sp=r&sig=VxQH6TgDUt9Un7%2FfjjOgQQxE2OKmdYQfLzs5vccdOQ4%3D
552de439-0627-4905-b336-4a1856a192f6,F MODEL TEST CATEGORY,https://saaquadecortst.blob.core.windows.net/aquadecorblob/8f49a5d5-58ad-4350-8732-03fe67b00936.png?sv=2021-12-02&se=2034-09-04T04%3A49%3A12Z&sr=b&sp=r&sig=G%2Bfzh%2BBliBDWkyHmflUIg4517VT8X55ZApRiMvREpC0%3D
edfc0a69-1edd-4727-8464-d2766bb52583,Sub Category,https://saaquadecortst.blob.core.windows.net/aquadecorblob/0e9455f2-296f-4e02-b18a-7f7614d33886.png?sv=2021-12-02&se=2034-08-05T13%3A54%3A20Z&sr=b&sp=r&sig=3ViElWxP3w58vmubhnKUwfDnyRCckC1dqF0TDITeisk%3D
60f5c35f-b6ec-4582-b422-4a98530d10c4,XL Models,https://saaquadecortst.blob.core.windows.net/aquadecorblob/5182aa79-d6ca-4447-b753-9752b294fdbd.png?sv=2021-12-02&se=2034-08-27T11%3A45%3A55Z&sr=b&sp=r&sig=lNJ2C%2BR%2F%2FVgDGFw73OKlwIQa9MxCB9gzSAzNMUEr1p4%3D
a5ecc67a-af14-4be3-92fc-ce6b8843a648,Test category,https://saaquadecortst.blob.core.windows.net/aquadecorblob/38be0d7c-a0e1-46f7-ab03-c795a89b434a.webp?sv=2021-12-02&se=2034-08-07T13%3A41%3A07Z&sr=b&sp=r&sig=Fk5IWSEg4pp5MsHUMh%2BLsqlCYTL8xuK9IwFpW1HE7Bs%3D
c1132ae9-3889-4ab4-91dc-d1815f55b96a,Aquadecor Phone Cases White Print,https://saaquadecortst.blob.core.windows.net/aquadecorblob/452c1238-277e-4616-9f68-75463db3bd08.png?sv=2021-12-02&se=2034-07-24T11%3A10%3A39Z&sr=b&sp=r&sig=hFNshWWvWmxbKYwuCmTgPJcYvNN8FpaDJol7WAzrsso%3D
111abcc1-17b1-4ea1-b453-652824bda4bc,F MODELI TEST,https://saaquadecortst.blob.core.windows.net/aquadecorblob/4afced6d-6661-4eb2-8152-015c6a7ebb75.png?sv=2021-12-02&se=2034-09-04T04%3A56%3A11Z&sr=b&sp=r&sig=zhn%2FQNnrMWHngraoyuArHJXM1awq%2BTqp%2FfV6hjxkdB8%3D
ff52b4c2-24a2-47e4-bdf5-30c5fa815844,Q Models - Decorations for small and Nano Aquariums,https://saaquadecortst.blob.core.windows.net/aquadecorblob/b1016971-0bc2-46d1-8791-84a33a900697.png?sv=2021-12-02&se=2034-05-13T13%3A12%3A28Z&sr=b&sp=r&sig=wapsi60DDQHTFkC29qMjNcKntScM5kG8hMqSGoREr8U%3D
261dbd2c-2b78-48bf-985a-2dfbdf1b92b9,P Models - Rocky Bottom Mats,https://saaquadecortst.blob.core.windows.net/aquadecorblob/c3089bbe-eda5-4a81-9224-e186c1062b51.png?sv=2021-12-02&se=2034-05-13T07%3A54%3A17Z&sr=b&sp=r&sig=utliNgcI7AM364Qut2ZgZYYkW27DVToYIrvY7OfokJE%3D
a06e6c6a-4e86-40dd-b2f3-1252b14368ea,N Models - Massive 3D Slim Backgrounds,https://saaquadecortst.blob.core.windows.net/aquadecorblob/c62f366d-d236-4e77-8af3-bd8e147b5a16.png?sv=2021-12-02&se=2034-06-01T15%3A45%3A46Z&sr=b&sp=r&sig=fW9hPVT8dkBx39PMVVeYySPsPdwVDQsZshPX5eXW89E%3D
c7baee29-d823-4b44-9037-c4106d8a5ff0,A Slim Models - Thin Rocky Backgrounds,https://saaquadecortst.blob.core.windows.net/aquadecorblob/6206cef0-9af7-4f87-82d8-d782facca501.png?sv=2021-12-02&se=2034-06-01T16%3A10%3A11Z&sr=b&sp=r&sig=pWYzYVT9FtcqS4%2FeIzjUKILGJ4UbrllAGcxBHk5KKG0%3D
d648456f-8e69-48f2-91b0-e1696acf0f8b,Aquadecor Phone Cases Engraved,https://saaquadecortst.blob.core.windows.net/aquadecorblob/671271ae-b05b-4f40-9031-07e51a540b7f.png?sv=2021-12-02&se=2034-07-30T06%3A19%3A41Z&sr=b&sp=r&sig=tZiSyZRVve%2BcoPrwGqfgNKI5z4s4gkdXcoVcIli5KbQ%3D
9bc4de6f-944c-43be-9301-7fd9306fa11b,K Models - Saltwater/Marine Backgrounds,https://saaquadecortst.blob.core.windows.net/aquadecorblob/531d29a0-c412-47fd-bc84-f84944ab895f.png?sv=2021-12-02&se=2034-05-18T12%3A28%3A28Z&sr=b&sp=r&sig=uHWbp4LSpceUCq3TFsKQVynww1amU3dKbDJii0igpVI%3D
bd016e93-1a5b-43ef-97fa-b32f2a72079d,Z Models - Plants,https://saaquadecortst.blob.core.windows.net/aquadecorblob/681db2a6-2a93-4731-8726-ab95a672a53e.png?sv=2021-12-02&se=2034-08-27T15%3A02%3A51Z&sr=b&sp=r&sig=m4mu74aA7qWW9vHxbXPb12sk6B4p%2BeQ7GETC9JZAi5o%3D
e72bf8ae-0850-4854-8183-750cd232a479,L Models - Juwel 3D Aquarium Backgrounds,https://saaquadecortst.blob.core.windows.net/aquadecorblob/e1d74a23-1b3e-4f2a-a72c-f702b90e559a.png?sv=2021-12-02&se=2034-06-01T16%3A26%3A05Z&sr=b&sp=r&sig=4hAa2mV9SiiiKCKZLzkagvLrh0GaWolKHDj3d746nQM%3D
38e2a16e-409c-4a22-bca4-abc2b9a03c6d,F Models - Room Dividers TEST,https://saaquadecortst.blob.core.windows.net/aquadecorblob/b86fb7a0-a2f3-44f8-8383-23a358b335ea.png?sv=2021-12-02&se=2034-09-04T05%3A13%3A26Z&sr=b&sp=r&sig=CmDOrUOTqGt8A2npaZ1M7ov61Iu6FkGaXy2%2F%2FsGobeA%3D
f1cb7583-f7bc-42c3-a067-5b2becc582ca,F Models - Room Dividers New,https://saaquadecortst.blob.core.windows.net/aquadecorblob/fac57989-6acf-4546-99a8-ac19e8408d5b.png?sv=2021-12-02&se=2034-09-06T07%3A12%3A31Z&sr=b&sp=r&sig=NDrFY88281lvo%2BzZIe6qN%2FKmmvcOtWa7jY1bKNL48rA%3D
81b7cb92-404e-4be2-8380-3190a4f92368,H Models â€“ Artificial Reefs,https://saaquadecortst.blob.core.windows.net/aquadecorblob/3d41f02d-600b-471c-b525-0e0084da9ccd.png?sv=2021-12-02&se=2034-05-13T08%3A28%3A39Z&sr=b&sp=r&sig=8uLMKEFT9jjbXK3nkXdSlBcdzZ4P3oTDme8wCTb%2FHe8%3D
81ffc181-0338-4971-8d7a-5dbeb91d1412,A Models - Classic Rocky Backgrounds,https://saaquadecortst.blob.core.windows.net/aquadecorblob/beb8c760-0c53-43b0-b82c-5233b5d20e80.png?sv=2021-12-02&se=2034-04-30T10%3A22%3A40Z&sr=b&sp=r&sig=uhyoZJdbleYEY%2BTQz56Qf9Yhyjmiiq5R4DNlpJ6Ho0M%3D
e89a0c3b-6e0b-4fc5-87e1-fdca7cd88a93,M Models - Magnetic Rocks,https://saaquadecortst.blob.core.windows.net/aquadecorblob/cbb82b21-6e24-48c5-b54c-fd1a7a1700c8.png?sv=2021-12-02&se=2034-05-13T13%3A07%3A50Z&sr=b&sp=r&sig=CaqIqhcehB41%2Bc02JLwsZ6g9S2KJJcTaKUsS7%2B34KoU%3D
c0e5395b-fbeb-4509-9e42-b14f2031e1f9,Branded Merchandise,https://saaquadecortst.blob.core.windows.net/aquadecorblob/be059426-db00-4dc8-9801-ac80fe4168c7.png?sv=2021-12-02&se=2034-07-24T09%3A38%3A29Z&sr=b&sp=r&sig=0MnfctMiZE%2B4NEO1ow4gMDo6asKj573WWTEl97tnYwc%3D
4762f17b-81f0-46f9-9e34-fa00dc50fa45,O Models - Internal Filters for Aquariums - AQUAFIL-BIO,https://saaquadecortst.blob.core.windows.net/aquadecorblob/0ff62bfc-dbdc-4f7f-ae0d-41872d94907e.png?sv=2021-12-02&se=2034-05-13T08%3A02%3A23Z&sr=b&sp=r&sig=VUwROr3VZ6zxPDYjjU3vCbgtJSxEbBvZayLTY7Vq48w%3D
0da166fa-d568-421f-ba31-a00c10ce9239,E Models - Slim Amazonian Backgrounds,https://saaquadecortst.blob.core.windows.net/aquadecorblob/f13fbe30-8560-4205-aadd-f3c1a33944ea.png?sv=2021-12-02&se=2034-05-07T16%3A37%3A27Z&sr=b&sp=r&sig=jdCm5oN%2F3eEHjZc56SPIuaAzfmUJHhVllmErjr%2F%2BkBs%3D
7636de17-e57b-465a-9645-3e661980c0fb,Starter Sets,https://saaquadecortst.blob.core.windows.net/aquadecorblob/386b59a2-5474-4c1d-b1f8-54067143a847.png?sv=2021-12-02&se=2034-05-13T08%3A41%3A22Z&sr=b&sp=r&sig=4PLXJ%2FUVjNJdDVEQHVY8JGtBoGJtnJDUDakm3IAX%2Fx0%3D
c342c155-bc48-4704-835f-caa8b46d899b,S Models - Back Panel Roots,https://saaquadecortst.blob.core.windows.net/aquadecorblob/f0752c8a-d5ce-4572-9f83-e70ea0c7be21.png?sv=2021-12-02&se=2034-05-13T13%3A05%3A09Z&sr=b&sp=r&sig=bUDnZhw3O8V7Jk5KCfE18ra2BwYeZ%2F1G3NnPLx4rRpw%3D
b6364742-83ce-4b7e-b97a-7a57eb1f33e6,F Models - Room Dividers,https://saaquadecortst.blob.core.windows.net/aquadecorblob/670b20cb-8c9d-481c-8698-4b4f06155603.png?sv=2021-12-02&se=2034-09-06T07%3A25%3A21Z&sr=b&sp=r&sig=vW9dOw8fyEyo82rGRHTx24vIBfxfbbhW8BBC8x1CAMk%3D
975dd0f5-2785-4102-87a7-7e6f4e8d3c84,Aquadecor Thermo Bottle,https://saaquadecortst.blob.core.windows.net/aquadecorblob/96eac6d7-cb00-4ff9-8fd1-1d0cf8702fee.png?sv=2021-12-02&se=2034-07-24T11%3A07%3A34Z&sr=b&sp=r&sig=j%2FXmeVcOYrb8voKXJND7fLdhHS16WlbIAzFrFcsgQVY%3D
f1f3a1d6-42f7-47a4-a73f-bc71477afae4,Aquadecor Mugs,https://saaquadecortst.blob.core.windows.net/aquadecorblob/f1960e3c-3124-441d-b326-4e64f428ccbf.png?sv=2021-12-02&se=2034-07-24T11%3A05%3A22Z&sr=b&sp=r&sig=GVubRQHQpp%2BQVRDREgKDe01HSmPV6GbLZg2%2BXEH2VzY%3D
6107cc74-beb7-4278-814d-49ee0ee6f0b5,Aquadecor T-Shirts,https://saaquadecortst.blob.core.windows.net/aquadecorblob/0cc4dc71-9fcc-418a-b7ce-3e954e544f84.png?sv=2021-12-02&se=2034-07-24T10%3A23%3A31Z&sr=b&sp=r&sig=ppc%2FimKHNgmGBoaSv3u%2BKLoE3n0IQbxnJBxULkvANFo%3D
f458652f-3da7-4380-96ab-db45f4ab57d3,G Models - Slim Rocky Backgrounds,https://saaquadecortst.blob.core.windows.net/aquadecorblob/d0e7c1ed-be7a-4045-a9ac-e580cb0c1aba.png?sv=2021-12-02&se=2034-06-01T16%3A35%3A17Z&sr=b&sp=r&sig=2uBk9NrQ%2Bs8HQ%2BACJxD2Kr%2BtIoLhBj4Oqn1Rxtm5HTY%3D
